﻿pos_x,pos_y,rotation,side,designator,mpn,pack,footprint,value,mount_type
150.25,-125.0,0.0,top,BATT1,,,PinHeader_1x02_P2.54mm_Vertical,Conn_01x02_Pin,tht
75.75,-133.8176,-90.0,top,C1,,,CP_Radial_D6.3mm_P2.50mm,470uF,tht
57.591,-94.18,90.0,top,C10,,,C_Disc_D5.0mm_W2.5mm_P2.50mm,100nF,tht
67.0,-125.25,90.0,top,C11,,,C_Disc_D5.0mm_W2.5mm_P2.50mm,100nF,tht
63.5,-125.25,90.0,top,C12,,,C_Disc_D5.0mm_W2.5mm_P2.50mm,100nF_Ceramic,tht
80.75,-83.75,-90.0,top,C13,,,C_Disc_D5.0mm_W2.5mm_P2.50mm,100nF,tht
63.75,-83.5,-90.0,top,C14,,,C_Disc_D5.0mm_W2.5mm_P2.50mm,100nF,tht
78.25,-121.25,90.0,top,C15,,,C_Disc_D5.0mm_W2.5mm_P2.50mm,100nF,tht
111.5,-118.8176,-90.0,top,C17,,,CP_Radial_D6.3mm_P2.50mm,220uF_10V,tht
111.5,-130.5676,-90.0,top,C2,,,CP_Radial_D6.3mm_P2.50mm,220uF_10V,tht
134.0,-95.5,-90.0,top,C3,,,C_Disc_D5.0mm_W2.5mm_P2.50mm,100nF,tht
117.25,-60.16,-90.0,top,C4,,,C_Disc_D5.0mm_W2.5mm_P2.50mm,100nF,tht
141.25,-96.5,90.0,top,C5,,,C_Disc_D5.0mm_W2.5mm_P2.50mm,100nF,tht
116.0,-127.0,90.0,top,C6,,,C_Disc_D5.0mm_W2.5mm_P2.50mm,100nF,tht
115.5,-95.25,-90.0,top,C8,,,C_Disc_D5.0mm_W2.5mm_P2.50mm,100nF,tht
63.5,-71.0,-90.0,top,C9,,,C_Disc_D5.0mm_W2.5mm_P2.50mm,100nF,tht
61.365,-64.54,0.0,top,D3,,,LED RAGB,LED_RAGB,tht
80.5,-60.25,0.0,top,DBG1,,,PinHeader_1x03_P2.54mm_Vertical,Conn_01x03_Pin,tht
57.5,-117.5,0.0,top,ENCA1,,,PinHeader_1x04_P2.54mm_Vertical,Conn_01x04_Pin,tht
70.75,-117.75,0.0,top,ENCB1,,,PinHeader_1x04_P2.54mm_Vertical,Conn_01x04_Pin,tht
57.5,-86.8,180.0,top,HC-SRo4,,,PinHeader_1x04_P2.54mm_Vertical,Conn_01x04_Pin,tht
129.87,-71.41,0.0,top,IMU1,,,MPU 9265 IMU carrier board,~,tht
67.25,-99.5,0.0,top,IRL1,,,PinHeader_1x03_P2.54mm_Vertical,Conn_01x03_Pin,tht
74.0,-99.5,0.0,top,IRR1,,,PinHeader_1x03_P2.54mm_Vertical,Conn_01x03_Pin,tht
127.46,-100.46,0.0,top,LS_1,,,Level shifter 4 bi-dir,~,tht
74.96,-88.66,0.0,top,LS_2,,,Level shifter 4 bi-dir,~,tht
80.5,-117.5462,0.0,top,MD1,,,TB6612FNG motor driver carrier,~,tht
57.75,-134.0,0.0,top,MOTA1,,,PinHeader_1x02_P2.54mm_Vertical,~,tht
64.3625,-134.0,0.0,top,MOTB1,,,PinHeader_1x02_P2.54mm_Vertical,~,tht
125.58,-125.06,90.0,top,OLED1,,,SSD1306,~,tht
149.33,-88.84,90.0,top,R1,,,433Mhz RC Receiver,~,tht
77.53,-64.922,180.0,top,R2,,,R_Axial_DIN0207_L6.3mm_D2.5mm_P10.16mm_Horizontal,330k,tht
77.58,-60.5,180.0,top,R3,,,R_Axial_DIN0207_L6.3mm_D2.5mm_P10.16mm_Horizontal,330k,tht
99.67,-121.54,0.0,top,S5V1,,,Pololu step-up converter 2.5-5.5V in 5V out,~,tht
99.67,-132.8,0.0,top,S6V1,,,Pololu step-up converter 2.5-5.5V in 6V out,~,tht
57.25,-68.46,0.0,top,SERVO1,,,PinHeader_1x03_P2.54mm_Vertical,Conn_01x03_Pin,tht
57.75,-112.5,0.0,top,TPENCA1,,,PinHeader_1x01_P2.54mm_Vertical,Conn_01x01_Pin,tht
70.75,-112.75,0.0,top,TPENCB1,,,PinHeader_1x01_P2.54mm_Vertical,Conn_01x01_Pin,tht
71.75,-130.5,0.0,top,TPGND1,,,PinHeader_1x01_P2.54mm_Vertical,Conn_01x01_Pin,tht
141.0,-62.0,0.0,top,TPGND2,,,PinHeader_1x01_P2.54mm_Vertical,Conn_01x01_Pin,tht
120.5,-109.0,0.0,top,TPSCL1,,,PinHeader_1x01_P2.54mm_Vertical,Conn_01x01_Pin,tht
127.0,-109.0,0.0,top,TPSDA1,,,PinHeader_1x01_P2.54mm_Vertical,Conn_01x01_Pin,tht
95.86,-84.0,0.0,top,U1,,,RPi_Pico_SMD_TH,Pico2,tht
