﻿pos_x,pos_y,rotation,side,designator,mpn,pack,footprint,value,mount_type
148.5,-125.25,0.0,top,BATT1,,,PinHeader_1x02_P2.54mm_Vertical,Conn_01x02_Pin,tht
75.75,-133.8176,-90.0,top,C1,,,CP_Radial_D6.3mm_P2.50mm,470uF,tht
112.0,-120.0,-90.0,top,C2,,,CP_Radial_D5.0mm_P2.00mm,47uF_25V,tht
112.25,-130.75,-90.0,top,C3,,,CP_Radial_D5.0mm_P2.00mm,47uF_25V,tht
133.75,-81.5,-90.0,top,C4,,,C_Disc_D5.0mm_W2.5mm_P2.50mm,100nF_Ceramic,tht
135.0,-94.5,90.0,top,C5,,,C_Disc_D5.0mm_W2.5mm_P2.50mm,100nF_Ceramic,tht
126.5,-109.0,0.0,top,C6,,,C_Disc_D5.0mm_W2.5mm_P2.50mm,100nF_Ceramic,tht
113.0,-90.75,-90.0,top,C7,,,C_Disc_D5.0mm_W2.5mm_P2.50mm,100nF_Ceramic,tht
131.25,-96.5,-90.0,top,C8,,,C_Disc_D5.0mm_W2.5mm_P2.50mm,100nF_Ceramic,tht
63.5,-71.0,-90.0,top,C9,,,C_Disc_D5.0mm_W2.5mm_P2.50mm,100nF_Ceramic,tht
74.91,-93.0,180.0,top,D1,,,D_DO-41_SOD81_P10.16mm_Horizontal,1N5817,tht
74.66,-86.25,180.0,top,D2,,,D_DO-41_SOD81_P10.16mm_Horizontal,1N5817,tht
62.08,-65.04,0.0,top,D3,,,LED RAGB,LED_RAGB,tht
57.5,-117.5,0.0,top,ENCA1,,,PinHeader_1x04_P2.54mm_Vertical,Conn_01x04_Pin,tht
70.0,-117.75,0.0,top,ENCB1,,,PinHeader_1x04_P2.54mm_Vertical,Conn_01x04_Pin,tht
57.4,-109.43,180.0,top,HC-SRo4,,,PinHeader_1x04_P2.54mm_Vertical,Conn_01x04_Pin,tht
120.38,-73.95,180.0,top,IMU1,,,MPU 9265 IMU carrier board,~,tht
57.5,-91.5,0.0,top,J1,,,PinHeader_1x03_P2.54mm_Vertical,Conn_01x03_Pin,tht
79.88,-60.5,0.0,top,J2,,,PinHeader_1x03_P2.54mm_Vertical,Conn_01x03_Pin,tht
57.5,-79.75,0.0,top,J3,,,PinHeader_1x03_P2.54mm_Vertical,Conn_01x03_Pin,tht
57.5,-68.55,0.0,top,J4,,,PinHeader_1x03_P2.54mm_Vertical,Conn_01x03_Pin,tht
124.37,-101.66,0.0,top,LS_1,,,Level shifter 4 bi-dir,~,tht
80.73,-117.8062,0.0,top,MD1,,,TB6612FNG motor driver carrier,~,tht
57.75,-134.0,0.0,top,MOTA1,,,PinHeader_1x02_P2.54mm_Vertical,~,tht
64.3625,-134.0,0.0,top,MOTB1,,,PinHeader_1x02_P2.54mm_Vertical,~,tht
130.48,-119.08,0.0,top,OLED1,,,SSD1306,~,tht
146.48,-90.38,90.0,top,R1,,,433Mhz RC Receiver,~,tht
70.5,-71.41,90.0,top,R2,,,R_Axial_DIN0207_L6.3mm_D2.5mm_P10.16mm_Horizontal,330k,tht
74.922,-71.46,90.0,top,R3,,,R_Axial_DIN0207_L6.3mm_D2.5mm_P10.16mm_Horizontal,330k,tht
65.75,-101.25,-90.0,top,R4,,,R_Axial_DIN0207_L6.3mm_D2.5mm_P10.16mm_Horizontal,10k,tht
70.75,-111.41,90.0,top,R5,,,R_Axial_DIN0207_L6.3mm_D2.5mm_P10.16mm_Horizontal,20k,tht
99.67,-121.54,0.0,top,S5V1,,,Pololu step-up converter 2.5-5.5V in 5V out,~,tht
99.67,-132.8,0.0,top,S6V1,,,Pololu step-up converter 2.5-5.5V in 6V out,~,tht
133.25,-108.67,0.0,top,TP1,,,PinHeader_1x01_P2.54mm_Vertical,Conn_01x01_Pin,tht
137.5,-108.75,0.0,top,TP2,,,PinHeader_1x01_P2.54mm_Vertical,Conn_01x01_Pin,tht
64.5,-120.0,0.0,top,TP3,,,PinHeader_1x01_P2.54mm_Vertical,Conn_01x01_Pin,tht
76.5,-120.25,0.0,top,TP4,,,PinHeader_1x01_P2.54mm_Vertical,Conn_01x01_Pin,tht
95.86,-84.0,0.0,top,U1,,,RPi_Pico_SMD_TH,Pico2,tht
