﻿pos_x,pos_y,rotation,side,designator,mpn,pack,footprint,value,mount_type
150.25,-125.0,0.0,top,BATT1,,,PinHeader_1x02_P2.54mm_Vertical,Conn_01x02_Pin,tht
75.75,-133.8176,-90.0,top,C1,,,CP_Radial_D6.3mm_P2.50mm,470uF,tht
112.0,-120.0,-90.0,top,C2,,,CP_Radial_D5.0mm_P2.00mm,47uF_25V,tht
112.25,-130.75,-90.0,top,C3,,,CP_Radial_D5.0mm_P2.00mm,47uF_25V,tht
117.25,-60.16,-90.0,top,C4,,,C_Disc_D5.0mm_W2.5mm_P2.50mm,100nF_Ceramic,tht
141.25,-96.5,90.0,top,C5,,,C_Disc_D5.0mm_W2.5mm_P2.50mm,100nF_Ceramic,tht
117.045,-126.81,90.0,top,C6,,,C_Disc_D5.0mm_W2.5mm_P2.50mm,100nF_Ceramic,tht
115.505,-95.49,-90.0,top,C7,,,C_Disc_D5.0mm_W2.5mm_P2.50mm,100nF_Ceramic,tht
134.255,-95.49,-90.0,top,C8,,,C_Disc_D5.0mm_W2.5mm_P2.50mm,100nF_Ceramic,tht
63.5,-71.0,-90.0,top,C9,,,C_Disc_D5.0mm_W2.5mm_P2.50mm,100nF_Ceramic,tht
76.33,-86.5,180.0,top,D1,,,D_DO-41_SOD81_P10.16mm_Horizontal,1N5817,tht
76.08,-79.75,180.0,top,D2,,,D_DO-41_SOD81_P10.16mm_Horizontal,1N5817,tht
61.365,-64.54,0.0,top,D3,,,LED RAGB,LED_RAGB,tht
57.5,-117.5,0.0,top,ENCA1,,,PinHeader_1x04_P2.54mm_Vertical,Conn_01x04_Pin,tht
70.0,-117.75,0.0,top,ENCB1,,,PinHeader_1x04_P2.54mm_Vertical,Conn_01x04_Pin,tht
67.159,-99.62,180.0,top,HC-SRo4,,,PinHeader_1x04_P2.54mm_Vertical,Conn_01x04_Pin,tht
129.87,-71.41,0.0,top,IMU1,,,MPU 9265 IMU carrier board,~,tht
57.5,-91.5,0.0,top,J1,,,PinHeader_1x03_P2.54mm_Vertical,Conn_01x03_Pin,tht
79.88,-60.5,0.0,top,J2,,,PinHeader_1x03_P2.54mm_Vertical,Conn_01x03_Pin,tht
57.5,-79.75,0.0,top,J3,,,PinHeader_1x03_P2.54mm_Vertical,Conn_01x03_Pin,tht
57.5,-68.55,0.0,top,J4,,,PinHeader_1x03_P2.54mm_Vertical,Conn_01x03_Pin,tht
127.46,-100.46,0.0,top,LS_1,,,Level shifter 4 bi-dir,~,tht
80.5,-117.5462,0.0,top,MD1,,,TB6612FNG motor driver carrier,~,tht
57.75,-134.0,0.0,top,MOTA1,,,PinHeader_1x02_P2.54mm_Vertical,~,tht
64.3625,-134.0,0.0,top,MOTB1,,,PinHeader_1x02_P2.54mm_Vertical,~,tht
126.83,-124.56,90.0,top,OLED1,,,SSD1306,~,tht
149.33,-88.84,90.0,top,R1,,,433Mhz RC Receiver,~,tht
70.5,-71.41,90.0,top,R2,,,R_Axial_DIN0207_L6.3mm_D2.5mm_P10.16mm_Horizontal,330k,tht
74.922,-71.46,90.0,top,R3,,,R_Axial_DIN0207_L6.3mm_D2.5mm_P10.16mm_Horizontal,330k,tht
74.75,-91.02,-90.0,top,R4,,,R_Axial_DIN0207_L6.3mm_D2.5mm_P10.16mm_Horizontal,10k,tht
78.75,-101.18,90.0,top,R5,,,R_Axial_DIN0207_L6.3mm_D2.5mm_P10.16mm_Horizontal,20k,tht
99.67,-121.54,0.0,top,S5V1,,,Pololu step-up converter 2.5-5.5V in 5V out,~,tht
99.67,-132.8,0.0,top,S6V1,,,Pololu step-up converter 2.5-5.5V in 6V out,~,tht
139.25,-108.67,0.0,top,TP1,,,PinHeader_1x01_P2.54mm_Vertical,Conn_01x01_Pin,tht
134.0,-108.75,0.0,top,TP2,,,PinHeader_1x01_P2.54mm_Vertical,Conn_01x01_Pin,tht
64.5,-120.0,0.0,top,TP3,,,PinHeader_1x01_P2.54mm_Vertical,Conn_01x01_Pin,tht
76.5,-120.25,0.0,top,TP4,,,PinHeader_1x01_P2.54mm_Vertical,Conn_01x01_Pin,tht
95.86,-84.0,0.0,top,U1,,,RPi_Pico_SMD_TH,Pico2,tht
