﻿Designator,Quantity,Value,Footprint,Package,MPN,DNP,Mount_Type,Description
,1,,,,,,tht,
BATT1,1,Conn_01x02_Pin,PinHeader_1x02_P2.54mm_Vertical,,,,tht,"Generic connector, single row, 01x02, script generated"
C1,1,470uF,CP_Radial_D6.3mm_P2.50mm,,,,tht,Polarized capacitor
"C2, C3",2,47uF_25V,CP_Radial_D5.0mm_P2.00mm,,,,tht,"47uF, 25V Electrolytic Capacitor"
"C4, C5, C6, C7, C8",5,100nF_Ceramic,C_Disc_D5.0mm_W2.5mm_P2.50mm,,,,tht,100nF Ceramic Capacitor
"D1, D2",2,1N5817,D_DO-41_SOD81_P10.16mm_Horizontal,,,,tht,"20V 1A Schottky Barrier Rectifier Diode, DO-41"
D3,1,LED_RAGB,LED RAGB,,,,tht,"RGB LED, red/anode/green/blue"
"ENCA1, ENCB1, HC-SRo4",3,Conn_01x04_Pin,PinHeader_1x04_P2.54mm_Vertical,,,,tht,"Generic connector, single row, 01x04, script generated"
IMU1,1,~,MPU 9265 IMU carrier board,,,,tht,
"J1, J2, J3",3,Conn_01x03_Pin,PinHeader_1x03_P2.54mm_Vertical,,,,tht,"Generic connector, single row, 01x03, script generated"
LS_1,1,~,Level shifter 4 bi-dir,,,,tht,
MD1,1,~,TB6612FNG motor driver carrier,,,,tht,
"MOTA1, MOTB1",2,~,PinHeader_1x02_P2.54mm_Vertical,,,,tht,"Generic connector, single row, 01x02, script generated"
OLED1,1,~,SSD1306,,,,tht,
R1,1,~,433Mhz RC Receiver,,,,tht,
"R2, R3",2,330k,R_Axial_DIN0207_L6.3mm_D2.5mm_P10.16mm_Horizontal,,,,tht,"330kΩ, 1/4W Resistor"
R4,1,10k,R_Axial_DIN0207_L6.3mm_D2.5mm_P10.16mm_Horizontal,,,,tht,"10kΩ, 1/4W Resistor"
R5,1,20k,R_Axial_DIN0207_L6.3mm_D2.5mm_P10.16mm_Horizontal,,,,tht,"20kΩ, 1/4W Resistor"
S5V1,1,~,Pololu step-up converter 2.5-5.5V in 5V out,,,,tht,
S6V1,1,~,Pololu step-up converter 2.5-5.5V in 6V out,,,,tht,
"TP1, TP2, TP3, TP4",4,Conn_01x01_Pin,PinHeader_1x01_P2.54mm_Vertical,,,,tht,"Generic connector, single row, 01x01, script generated"
