﻿Designator,Quantity,Value,Footprint,Package,MPN,DNP,Mount_Type,Description
BATT1,1,Conn_01x02_Pin,PinHeader_1x02_P2.54mm_Vertical,,,,tht,"Generic connector, single row, 01x02, script generated"
C1,1,470uF,CP_Radial_D6.3mm_P2.50mm,,,,tht,Polarized capacitor
"C10, C11, C13, C14, C15, C3, C4, C5, C6, C8, C9",11,100nF,C_Disc_D5.0mm_W2.5mm_P2.50mm,,,,tht,100nF Ceramic Capacitor
C12,1,100nF_Ceramic,C_Disc_D5.0mm_W2.5mm_P2.50mm,,,,tht,100nF Ceramic Capacitor
"C17, C2",2,220uF_10V,CP_Radial_D6.3mm_P2.50mm,,,,tht,"220uF, 10V Electrolytic Capacitor"
D3,1,LED_RAGB,LED RAGB,,,,tht,"RGB LED, red/anode/green/blue"
"DBG1, IRL1, IRR1, SERVO1",4,Conn_01x03_Pin,PinHeader_1x03_P2.54mm_Vertical,,,,tht,"Generic connector, single row, 01x03, script generated"
"ENCA1, ENCB1, HC-SRo4",3,Conn_01x04_Pin,PinHeader_1x04_P2.54mm_Vertical,,,,tht,"Generic connector, single row, 01x04, script generated"
IMU1,1,~,MPU 9265 IMU carrier board,,,,tht,
"LS_1, LS_2",2,~,Level shifter 4 bi-dir,,,,tht,
MD1,1,~,TB6612FNG motor driver carrier,,,,tht,
"MOTA1, MOTB1",2,~,PinHeader_1x02_P2.54mm_Vertical,,,,tht,"Generic connector, single row, 01x02, script generated"
OLED1,1,~,SSD1306,,,,tht,
R1,1,~,433Mhz RC Receiver,,,,tht,
"R2, R3",2,330k,R_Axial_DIN0207_L6.3mm_D2.5mm_P10.16mm_Horizontal,,,,tht,"330kΩ, 1/4W Resistor"
S5V1,1,~,Pololu step-up converter 2.5-5.5V in 5V out,,,,tht,
S6V1,1,~,Pololu step-up converter 2.5-5.5V in 6V out,,,,tht,
"TPENCA1, TPENCB1, TPGND1, TPGND2, TPSCL1, TPSDA1",6,Conn_01x01_Pin,PinHeader_1x01_P2.54mm_Vertical,,,,tht,"Generic connector, single row, 01x01, script generated"
