﻿pos_x,pos_y,rotation,side,designator,mpn,pack,footprint,value,mount_type
137.75,-124.46,0.0,top,BATT1,,,PinHeader_1x02_P2.54mm_Vertical,Conn_01x02_Pin,tht
84.0,-133.25,-90.0,top,C1,,,CP_Radial_D6.3mm_P2.50mm,470uF,tht
127.0,-126.5,-90.0,top,C2,,,CP_Radial_D5.0mm_P2.00mm,47uF_25V,tht
127.0,-134.0,-90.0,top,C3,,,CP_Radial_D5.0mm_P2.00mm,47uF_25V,tht
129.75,-62.75,90.0,top,C4,,,C_Disc_D5.0mm_W2.5mm_P2.50mm,100nF_Ceramic,tht
144.0,-124.0,90.0,top,C5,,,C_Disc_D5.0mm_W2.5mm_P2.50mm,100nF_Ceramic,tht
150.5,-124.0,90.0,top,C6,,,C_Disc_D5.0mm_W2.5mm_P2.50mm,100nF_Ceramic,tht
112.25,-63.5,-90.0,top,C7,,,C_Disc_D5.0mm_W2.5mm_P2.50mm,100nF_Ceramic,tht
130.0,-72.0,-90.0,top,C8,,,C_Disc_D5.0mm_W2.5mm_P2.50mm,100nF_Ceramic,tht
76.239,-94.275,180.0,top,D1,,,D_DO-41_SOD81_P10.16mm_Horizontal,1N5817,tht
76.239,-82.58,180.0,top,D2,,,D_DO-41_SOD81_P10.16mm_Horizontal,1N5817,tht
62.25,-67.37,0.0,top,D3,,,LED RAGB,LED_RAGB,tht
60.25,-118.0,0.0,top,ENCA1,,,PinHeader_1x04_P2.54mm_Vertical,Conn_01x04_Pin,tht
73.75,-118.0,0.0,top,ENCB1,,,PinHeader_1x04_P2.54mm_Vertical,Conn_01x04_Pin,tht
60.159,-109.87,180.0,top,HC-SRo4,,,PinHeader_1x04_P2.54mm_Vertical,Conn_01x04_Pin,tht
127.0,-114.62,-90.0,top,IMU1,,,MPU 9265 IMU carrier board,~,tht
60.25,-91.5,0.0,top,J1,,,PinHeader_1x03_P2.54mm_Vertical,Conn_01x03_Pin,tht
80.75,-60.5,0.0,top,J2,,,PinHeader_1x03_P2.54mm_Vertical,Conn_01x03_Pin,tht
60.25,-80.0,0.0,top,J3,,,PinHeader_1x03_P2.54mm_Vertical,Conn_01x03_Pin,tht
123.62,-71.16,0.0,top,LS_1,,,Level shifter 4 bi-dir,~,tht
89.25,-116.8062,0.0,top,MD1,,,TB6612FNG motor driver carrier,~,tht
60.25,-132.765,0.0,top,MOTA1,,,PinHeader_1x02_P2.54mm_Vertical,~,tht
67.5,-132.975,0.0,top,MOTB1,,,PinHeader_1x02_P2.54mm_Vertical,~,tht
125.02,-84.58,0.0,top,OLED1,,,SSD1306,~,tht
146.71,-68.87,-90.0,top,R1,,,433Mhz RC Receiver,~,tht
70.5,-71.41,90.0,top,R2,,,R_Axial_DIN0207_L6.3mm_D2.5mm_P10.16mm_Horizontal,330k,tht
74.922,-71.46,90.0,top,R3,,,R_Axial_DIN0207_L6.3mm_D2.5mm_P10.16mm_Horizontal,330k,tht
70.159,-101.09,-90.0,top,R4,,,R_Axial_DIN0207_L6.3mm_D2.5mm_P10.16mm_Horizontal,10k,tht
75.159,-111.25,90.0,top,R5,,,R_Axial_DIN0207_L6.3mm_D2.5mm_P10.16mm_Horizontal,20k,tht
143.25,-110.0,0.0,top,S5V1,,,Pololu step-up converter 2.5-5.5V in 5V out,~,tht
111.25,-133.01,0.0,top,S6V1,,,Pololu step-up converter 2.5-5.5V in 6V out,~,tht
135.0,-73.17,0.0,top,TP1,,,PinHeader_1x01_P2.54mm_Vertical,Conn_01x01_Pin,tht
145.0,-100.5,0.0,top,TP2,,,PinHeader_1x01_P2.54mm_Vertical,Conn_01x01_Pin,tht
67.25,-120.5,0.0,top,TP3,,,PinHeader_1x01_P2.54mm_Vertical,Conn_01x01_Pin,tht
82.25,-120.5,0.0,top,TP4,,,PinHeader_1x01_P2.54mm_Vertical,Conn_01x01_Pin,tht
96.73,-84.0,0.0,top,U1,,,RPi_Pico_SMD_TH,Pico2,tht
